link_density;year
0.007437763;171
0.007437763;13
2.7901531231343757;293
0.007437763;111
0.007437763;25
6.195078763358538;618
4.858017400965168;595
55.31248820532331;320
0.516402501299036;270
81.352463011449;399
178.50603357879447;357
4.373975709678573;549
55.645821538656584;321
0.02238825814;249
10.473081557805601;701
7.464837384440279;502
0.0125;773
0.007437763;199
13.310350293255386;723
2.11530010664569;672
1.6589401671147437;666
12.12426022591532;719
13.70223682438729;468
0.007437763;157
6.532484730571435;586
0.03191206767;259
2.775447240781434;286
53.803707969486204;315
4.014409948210774;680
1.5923437251671781;659
13.277906637830256;432
0.0045642;-20
4.858017400965168;599
3.9647596016060414;568
0.007437763;28
197.46108280055995;384
0.007437763;2
0.007437763;43
0.007437763;62
0.007437763;137
0.007437763;170
6.083689015400079;601
27.67166651358617;474
0.007437763;189
15.983979566514622;451
0.02238825814;227
7.733435583550649;482
0.007437763;169
0.007437763;69
28.164554589274708;712
0.5648153402774654;282
5.600358361156489;531
0.0125;763
0.0125;759
0.007437763;74
0.0045642;-4
0.007437763;141
0.007437763;0
0.02238825814;223
0.007437763;99
5.8608974289841385;582
25.9560448324555;422
2.6242184289170876;692
0.007437763;186
84.45349664714607;327
4.528783359089592;563
136.07637413353027;332
0.0045642;-6
2.59614825347849;689
4.445404281107146;545
0.007437763;128
10.401057748281794;703
0.007437763;64
0.007437763;58
26.02271149912216;416
12.958178455435025;438
81.30400147298748;398
0.007437763;14
0.0125;766
0.5648153402774654;278
6.872433978404086;739
0.0125;798
5.365226715851038;646
5.874976894187963;606
1.8979088022978645;675
5.198560049184371;643
0.0125;783
8.976553732017438;628
0.0045642;-27
52.67870796948629;310
0.0125;780
6.4723649174021745;528
5.874976894187963;604
7.473505190124074;494
200.7226007746707;349
24.883276731656732;461
0.0045642;-15
1.5923437251671781;654
30.050398351276986;409
163.822437578335;391
0.007437763;144
12.228851090703554;729
184.8741994553387;346
16.605498953878914;460
0.02238825814;200
0.02238825814;213
11.39112571327618;473
0.007437763;125
7.803102923133137;487
9.460086923424656;635
0.007437763;65
0.007437763;76
285.4175794108234;383
0.02238825814;247
13.676903240939819;448
7.61321493338427;513
0.007437763;55
0.007437763;110
148.04954317401638;370
52.52815586458637;308
0.007437763;139
0.02238825814;210
0.0125;776
9.03396765224744;625
3.3513736194603374;583
0.0125;788
268.76280184370006;388
2.775447240781434;292
9.228851090703552;733
29.022493634198284;423
0.007437763;154
1.5923437251671781;658
0.02238825814;244
0.007437763;193
13.267627453613533;441
124.32412850096904;365
0.02238825814;241
61.77411636847708;408
12.977726375417944;612
7.21349962183733;640
0.0125;787
0.007437763;155
0.02238825814;214
2.857568481247408;294
0.007437763;94
15.640086923424658;639
2.775447240781434;291
0.007437763;8
1.8390852728861;676
0.007437763;166
0.007437763;167
5.392618020198863;650
186.8215149800603;335
10.670641954547214;569
23.185965875308113;710
0.007437763;185
11.102236824387287;466
7.803102923133137;486
19.957792379942866;462
8.471394773324354;521
5.115226715851038;648
0.007437763;151
146.04954317401618;371
0.007437763;42
8.490395665385016;519
53.803707969486204;313
1.8390852728861;677
0.007437763;72
10.444702308040041;633
0.007437763;6
0.5648153402774654;280
0.02238825814;218
0.007437763;190
0.007437763;168
0.007437763;71
0.0045642;-25
0.516402501299036;263
9.145078763358553;622
0.02238825814;233
0.0125;790
324.3029586658588;353
0.0125;775
0.02238825814;205
179.19751085152194;358
0.007437763;188
159.73287650735006;367
8.44507876335854;616
1.5923437251671781;655
0.0045642;-23
0.007437763;36
0.007437763;101
0.007437763;12
0.02238825814;250
7.019757300317029;535
0.007437763;20
5.241556894596156;302
2.8964142082174416;299
17.793420256757994;636
1.8979088022978645;674
26.02271149912216;418
0.007437763;109
96.46864816229777;326
2.59614825347849;688
2.775447240781434;289
13.70223682438729;469
8.622605637124803;641
7.87497689418796;608
259.0869540152698;395
178.68446821124516;345
4.445404281107146;548
15.983979566514622;452
2.592343725167179;657
0.516402501299036;269
1.860179394622583;744
195.34119149859453;382
3.182349677537642;301
4.445404281107146;543
146.04954317401618;369
5.445404281107143;546
5.767025027823157;532
9.638061439991038;522
0.007437763;106
5.1367069481122005;577
23.789554589274708;713
4.37915139723811;585
0.0125;760
0.02238825814;206
197.46108280055995;386
53.67870796948621;311
2.18242262318407;754
5.219690815704442;651
197.46108280055995;385
58.43892948768075;407
0.0045642;-5
4.223009746013995;551
0.007437763;130
4.519202367536498;579
0.0125;793
0.007437763;23
276.20814028148385;361
0.007437763;165
4.551510631816864;562
8.045517757370218;726
8.276945660345833;526
0.02238825814;229
0.02238825814;242
4.851688287041117;591
146.04954317401618;368
0.03191206767;258
0.007437763;66
5.965442552517308;742
28.68937816578874;413
8.490395665385016;520
0.5648153402774654;276
6.870641954547203;572
0.007437763;95
2.8075478156752145;746
0.516402501299036;265
26.689378165788813;414
15.9617573442924;454
0.007437763;107
8.512707191826074;499
5.624996530869868;578
289.2679233483942;347
146.04954317401618;372
0.02238825814;231
0.007437763;51
0.007437763;159
1.890817704989376;670
7.464837384440279;503
0.007437763;123
177.4725108515222;359
0.007437763;19
3.6219616557624814;684
0.007437763;91
0.02238825814;209
5.004930272803687;600
6.4723649174021745;529
0.007437763;175
6.242983419167744;707
1.8390852728861;678
0.007437763;115
37.09703005359681;476
7.755746475349372;507
0.007437763;86
5.046889179712622;653
0.007437763;11
0.007437763;47
1.6589401671147437;662
0.007437763;153
28.68937816578874;412
0.007437763;145
4.826602377630264;588
8.976553732017438;626
0.0125;777
0.007437763;97
19.836270341406582;700
0.0125;765
5.858017400965168;593
0.0125;779
8.12596006599028;484
2.3494441125953753;668
0.0125;800
7.8132149333842715;512
8.682350048968939;498
178.8393669121278;356
0.007437763;27
5.874976894187963;605
0.0045642;-12
8.845404281107161;540
4.441378831390452;550
6.505504153195705;611
0.007437763;152
0.007437763;148
0.5648153402774654;283
0.007437763;61
0.007437763;187
2.6242184289170876;691
13.70223682438729;470
26.02271149912216;419
2.857568481247408;295
8.310350293255388;722
4.670641954547213;570
2.860179394622583;745
8.976553732017438;627
0.007437763;16
163.4335486894461;389
0.516402501299036;260
0.0045642;-26
10.19943932599767;734
0.007437763;54
0.02238825814;230
3.6219616557624814;683
13.959566244809501;491
0.0045642;-13
13.345405231391311;440
0.007437763;100
0.02238825814;255
0.007437763;30
20.44827997050403;705
7.61321493338427;517
0.007437763;32
0.007437763;18
6.9627202632799925;536
13.76752029461373;427
13.217627453613535;443
16.605498953878914;459
0.52415443928353222;272
0.007437763;31
10.444702308040041;632
0.007437763;44
0.007437763;147
5.6367069481122005;576
4.858017400965168;597
0.02238825814;212
4.156669361975595;556
0.0045642;-16
0.02238825814;201
11.306753590091324;638
18.957792379942866;463
225.80989232436912;387
21.502107331890745;711
4.010897428984149;581
0.007437763;5
0.02238825814;225
0.0045642;-24
15.228851090703554;732
2.775447240781434;284
0.02238825814;235
12.911627088409341;437
6.872433978404085;740
51.02080083270991;404
7.023608644436326;696
163.8335486894461;390
0.007437763;180
12.367300985580789;621
5.767025027823157;533
55.645821538656584;322
0.007437763;172
0.0125;761
0.007437763;46
13.676903240939819;446
0.007437763;22
5.332618020198863;649
6.133942089248316;553
2.6242184289170876;694
0.0045642;-19
0.0125;770
202.3650187641987;363
2.775447240781434;287
52.50184007511268;307
83.99977460071973;401
5.2928389458782075;305
144.66031049826736;336
0.007437763;53
178.51350551611614;378
0.007437763;67
335.8891909570435;350
0.007437763;89
0.0125;785
228.2815758894209;341
4.858017400965168;594
0.007437763;29
0.007437763;136
2.8964142082174416;298
30.852632541974778;709
0.02238825814;251
10.076316752501082;706
0.007437763;10
0.02238825814;237
79.98971575870173;396
0.007437763;181
0.007437763;129
5.198560049184371;645
12.480911925949217;527
0.007437763;87
9.401639849331401;615
4.978851090703557;727
124.02861699493124;366
4.850411901439789;589
7.61321493338427;515
0.007437763;138
0.007437763;173
15.522062527762092;458
7.7493052515168435;508
0.007437763;24
3.8527308865317114;685
50.29857861048766;405
0.007437763;195
0.0125;799
0.02238825814;221
1.1342624500239;755
0.007437763;35
0.0125;778
0.02238825814;220
9.145078763358553;623
5.883022906928156;575
0.02238825814;222
1.8390852728861;679
9.444702308040041;634
0.806918162691289;751
0.02238825814;252
5.826602377630264;587
2.775447240781434;290
0.0045642;-9
0.0125;764
0.5648153402774654;277
0.007437763;108
7.87497689418796;603
14.684565877646191;424
0.02238825814;217
1.6589401671147437;667
27.622887922608044;715
0.007437763;60
87.88603467848084;402
5.874976894187963;607
0.02238825814;239
137.07637413353027;331
0.007437763;39
0.007437763;142
7.733435583550649;481
0.007437763;113
27.089378165788826;420
0.007437763;116
13.257792379942847;471
0.5648153402774654;279
0.0045642;-18
53.67870796948621;312
8.239887196453875;478
4.858017400965168;598
10.228851090703554;728
0.007437763;88
0.02238825814;219
0.007437763;-1
6.8454042811071325;541
8.73988719645388;477
25.386404019075595;457
11.531893382517712;642
0.516402501299036;264
0.007437763;134
0.007437763;162
13.257792379942847;472
0.0045642;-17
0.007437763;112
0.0045642;-14
0.02238825814;208
4.870641954547212;573
2.6294815868118233;690
4.156669361975595;557
0.007437763;183
4.213415393721629;560
7.803102923133137;485
0.007437763;103
5.995078763358538;620
0.007437763;77
4.180478885785119;559
27.786336921363404;699
6.445404281107138;542
0.007437763;149
13.49344527022753;435
7.335961330474951;492
55.09285986618278;319
0.007437763;198
0.007437763;164
12.826316752501082;708
3.2056720630023015;686
0.02238825814;215
0.02238825814;203
131.5128307007352;377
8.843875560494459;496
0.007437763;84
0.02238825814;226
397.89494424250694;337
0.02238825814;202
9.145078763358553;624
17.312956276294006;631
0.0125;794
6.708310227521293;609
7.464837384440279;501
0.02238825814;234
23.72729968731393;716
0.02238825814;228
0.0125;786
1.5923437251671781;660
0.007437763;150
13.277906637830256;431
0.02238825814;256
78.20349664714605;329
0.806918162691289;752
0.007437763;7
4.81404899770831;747
0.0045642;-8
13.443142239924498;434
0.007437763;70
8.245404281107131;539
18.957792379942866;464
7.232446362752587;565
0.0125;784
7.733435583550649;483
0.007437763;33
1.890817704989376;669
181.22801042570143;354
0.007437763;85
10.97342025675799;637
0.007437763;161
201.4306521054336;364
0.007437763;176
0.007437763;78
0.516402501299036;267
0.007437763;81
0.007437763;146
0.02238825814;238
146.04954317401618;374
5.115226715851038;647
0.02238825814;246
88.2186481622977;325
9.923775725705324;523
178.53575026252722;342
0.007437763;83
13.199439325997671;735
317.73843192599173;339
7.205613451150123;725
0.02238825814;207
0.0125;781
9.211760225915315;720
8.87984572150899;500
8.365299474833124;610
0.007437763;40
0.007437763;135
257.95381628579077;394
0.007437763;140
0.52415443928353222;274
54.281006033740766;317
13.502236824387289;467
0.0125;791
207.34790767691325;360
3.379151397238116;584
6.47859327915301;537
7.7633897585590965;510
0.02238825814;245
13.217627453613535;442
0.007437763;63
0.02238825814;254
0.0125;768
0.007437763;163
0.0125;767
0.007437763;174
53.803707969486204;314
0.007437763;75
5.2928389458782075;304
81.30400147298748;397
0.007437763;17
34.29398809486664;411
0.007437763;48
5.370641954547209;574
0.02238825814;240
0.007437763;120
74.14006770194301;324
0.007437763;80
0.007437763;196
5.2928389458782075;303
0.516402501299036;262
0.52415443928353222;271
0.5648153402774654;281
8.553405355334949;524
8.553405355334949;525
0.007437763;132
8.826057748281787;704
1.330294196056;757
7.464837384440279;504
0.007437763;4
5.213555846379289;652
7.61321493338427;514
196.97627167402948;355
0.007437763;98
0.0125;782
0.007437763;93
327.3974858107051;340
16.422664554797795;456
146.04954317401618;373
3.147122531707481;300
7.803102923133137;488
13.367451815143374;613
309.98531528439565;351
5.198560049184371;644
9.449526704990415;629
13.162071898057976;439
0.007437763;96
0.007437763;178
0.007437763;41
4.665035700869831;580
5.2181772984835275;561
0.007437763;184
154.57572936057042;330
0.007437763;177
9.228851090703552;731
43.96437239593916;475
13.277906637830256;433
0.0125;774
5.445404281107143;547
3.96544255251732;743
0.007437763;114
0.02238825814;236
2.775447240781434;285
32.29398809486666;410
4.739005396335625;687
0.007437763;119
4.920833508817918;590
0.007437763;34
0.0125;769
2.592343725167179;656
0.007437763;79
4.133942089248323;555
0.007437763;57
0.53202845503156371566;275
0.007437763;131
0.007437763;133
8.228851090703552;730
219.93494061580907;393
150.1983520975315;362
0.007437763;38
9.512956276294004;630
7.058310227521302;602
0.02238825814;216
0.007437763;49
0.007437763;121
3.6219616557624814;682
0.0125;762
0.007437763;156
2.8964142082174416;297
4.445404281107146;544
0.007437763;182
0.007437763;179
0.007437763;92
0.007437763;21
55.69991510590803;323
13.77695425687788;428
0.0125;792
0.007437763;191
7.473505190124074;495
0.007437763;26
54.1011809256823;403
0.516402501299036;268
3.9213144796548214;567
0.007437763;45
13.676903240939819;445
0.007437763;15
5.995078763358538;619
199.67383700124014;379
16.310350293255397;721
24.48329015598932;450
0.0125;758
51.796187881598655;306
2.8964142082174416;296
7.9922921123223265;489
7.61321493338427;516
0.007437763;105
0.007437763;52
0.0045642;-2
2.7098798446669776;749
0.02238825814;248
0.0125;796
0.0045642;-11
22.05175734429238;455
0.007437763;56
0.0045642;-22
12.743914891138935;702
0.02238825814;232
4.528783359089592;564
0.007437763;158
179.28592175622043;375
0.007437763;117
1.6589401671147437;665
3.6219616557624814;681
0.007437763;1
0.0125;772
0.516402501299036;266
0.007437763;194
1.6589401671147437;661
1.1342624500239;756
22.716040717775588;698
0.007437763;68
22.956221255941376;714
0.0045642;-21
0.007437763;143
7.043487350635776;697
0.02238825814;204
10.267117368772457;718
13.77695425687788;429
0.52415443928353222;273
336.9681467842181;348
7.464837384440279;506
13.676903240939819;447
8.017292112322327;490
0.007437763;124
0.007437763;3
240.98910424500036;392
6.805698250735503;530
53.803707969486204;316
9.801386422214103;695
0.007437763;127
0.02238825814;253
26.02271149912216;417
14.866188576202804;717
7.7633897585590965;511
1.6589401671147437;663
0.0045642;-7
2.775447240781434;288
7.290528738220278;614
0.007437763;192
14.507906637830278;430
13.676903240939819;449
0.02238825814;243
0.007437763;82
0.007437763;104
0.0125;771
0.516402501299036;261
7.7633897585590965;509
1.8979088022978645;673
5.909266286883725;566
131.5128307007352;376
0.007437763;50
0.007437763;90
52.55672729315779;309
8.51054222716111;497
0.0045642;-10
0.007437763;59
195.34119149859453;380
0.0125;789
3.6502720015297228;750
26.689378165788813;415
0.007437763;126
4.133942089248323;554
0.02238825814;224
7.464837384440279;505
2.716009071782199;753
0.02238825814;257
6.195078763358538;617
7.473505190124074;493
4.858017400965168;596
14.76752029461373;426
0.007437763;197
12.911627088409341;436
82.40908797310804;400
10.872433978404084;737
6.243843079347325;552
7.989887196453874;480
7.989887196453874;479
0.0045642;-3
0.0125;795
0.0125;797
0.02238825814;211
17.27759219343568;425
15.983979566514622;453
178.68446821124516;344
12.18935979069058;518
139.43553702945783;334
138.96117805509888;333
81.12016331381268;328
0.007437763;122
8.872433978404088;738
317.73843192599173;338
0.007437763;118
18.624459046609534;465
1.6589401671147437;664
0.007437763;73
0.007437763;9
4.670641954547213;571
55.09285986618278;318
312.1954602119317;352
13.122433978404088;736
7.566979240277357;534
13.217627453613535;444
4.180478885785119;558
0.007437763;102
0.007437763;37
195.34119149859453;381
4.966765783454559;538
8.455613451150123;724
2.6242184289170876;693
0.007437763;160
26.9560448324555;421
57.27226282101403;406
2.746916881704015;748
1.7403001066456907;671
5.858017400965168;592
178.68446821124516;343
4.261954180424292;741
